{"BTC": 69348.9765625, "ETH": 2022.37646484375, "BTC_history": [66991.96875, 66221.84375, 68857.84375, 69767.625, 68788.1875, 68843.15625, 67494.21875, 66425.3203125, 66957.5234375, 68005.421875, 68003.765625, 67659.390625, 64616.73828125, 64080.04296875, 67960.125, 67453.7734375, 65881.796875, 66995.859375, 65738.1015625, 68775.8515625, 68293.6484375, 72710.578125, 70841.125, 68136.4921875, 67272.59375, 65969.78125, 68402.3828125, 69926.921875, 69348.9765625], "BTC_labels": [0, 1, 2, 3, 4, 5, 6, 7, 8, 9, 10, 11, 12, 13, 14, 15, 16, 17, 18, 19, 20, 21, 22, 23, 24, 25, 26, 27, 28], "SP500": 6775.7998046875, "NASDAQ": 22716.130859375, "DOW": 47417.26953125, "SP500_history": [6978.02978515625, 6969.009765625, 6939.02978515625, 6976.43994140625, 6917.81005859375, 6882.72021484375, 6798.39990234375, 6932.2998046875, 6964.81982421875, 6941.81005859375, 6941.47021484375, 6832.759765625, 6836.169921875, 6843.22021484375, 6881.31005859375, 6861.89013671875, 6909.509765625, 6837.75, 6890.06982421875, 6946.1298828125, 6908.85986328125, 6878.8798828125, 6881.6201171875, 6816.6298828125, 6869.5, 6830.7099609375, 6740.02001953125, 6795.990234375, 6781.47998046875, 6775.7998046875], "SP500_labels": [0, 1, 2, 3, 4, 5, 6, 7, 8, 9, 10, 11, 12, 13, 14, 15, 16, 17, 18, 19, 20, 21, 22, 23, 24, 25, 26, 27, 28, 29], "TAIEX": 33630.01953125, "TSMC": 1890.0, "TSMC_history": [1775.0, 1740.0, 1760.0, 1770.0, 1755.0, 1780.0, 1820.0, 1805.0, 1775.0, 1765.0, 1800.0, 1785.0, 1765.0, 1780.0, 1815.0, 1880.0, 1915.0, 1900.0, 1965.0, 2015.0, 1995.0, 1975.0, 1935.0, 1865.0, 1900.0, 1890.0, 1810.0, 1850.0, 1940.0, 1890.0], "TSMC_labels": [0, 1, 2, 3, 4, 5, 6, 7, 8, 9, 10, 11, 12, 13, 14, 15, 16, 17, 18, 19, 20, 21, 22, 23, 24, 25, 26, 27, 28, 29], "GOLD": 5148.60009765625, "OIL": 94.70999908447266, "USDJPY": 159.13099670410156, "AAPL": 260.80999755859375, "MSFT": 404.8800048828125, "NVDA": 186.02999877929688, "GOOGL": 308.70001220703125, "AMZN": 212.64999389648438, "META": 654.8599853515625, "TSLA": 407.82000732421875, "SPY": 676.3300170898438, "QQQ": 607.6900024414062, "DIA": 474.80999755859375, "0050": 76.5999984741211, "00878": 22.350000381469727}